ResponseID,Feedback,FavoriteTool,Challenges,Suggestions
1,"Streamlit is very easy to use","Streamlit","Deployment issues","Add more templates"
2,"Plotly charts are interactive and beautiful","Plotly","Learning curve","More documentation"
3,"Pandas makes data analysis simple","Pandas","Large datasets","Improve performance"
4,"WordCloud visualization looks amazing","WordCloud","Customization","Add more themes"
5,"Dashboard UI is clean and responsive","Streamlit","Mobile responsiveness","Dark mode support"
6,"Correlation heatmap gives useful insights","Plotly","Complex setup","Better examples"
7,"Python ecosystem is powerful","Python","Package conflicts","Simplify installations"
8,"Analytics dashboard is very informative","Pandas","Memory usage","Cloud optimization"
9,"Interactive charts improve understanding","Plotly","Customization difficulty","More chart types"
10,"Streamlit deployment is fast and simple","Streamlit","Scaling applications","Add enterprise support"
11,"Data exploration becomes easier","Pandas","Missing value handling","AI-powered insights"
12,"Visualization quality is excellent","Matplotlib","Styling graphs","Automatic themes"
13,"Dashboard performance is smooth","Streamlit","Large file uploads","Database integration"
14,"Machine learning integration is useful","Python","Model deployment","Built-in ML widgets"
15,"Filtering system works perfectly","Streamlit","Advanced filters","Multi-select improvements"
16,"Heatmaps provide deep analytics","Plotly","Slow rendering","Performance tuning"
17,"CSV processing is very fast","Pandas","Encoding errors","Better CSV handling"
18,"Open-source tools are flexible","Python","Version compatibility","Dependency management"
19,"User interface looks professional","Streamlit","UI customization","Animation support"
20,"Analytics insights are meaningful","Plotly","Chart exporting","Better export options"
21,"WordCloud improves text analytics","WordCloud","Stopword filtering","Advanced NLP support"
22,"Data cleaning becomes easier","Pandas","Duplicate handling","Auto cleaning"
23,"Dashboard navigation is smooth","Streamlit","Sidebar limitations","Custom navigation"
24,"Interactive filters are very useful","Plotly","Complex dashboards","More layouts"
25,"Overall project structure is excellent","Python","Project scaling","Template generators"
